"require","better","black"
"term","art","breeze"
"skill","here","butter"
"summer","equator","hit"
"fact","couple","that"
"hundred","pot","choose"
"friendly","planet","kept"
"nobody","forward","wind"
"potatoes","they","loud"
"news","play","milk"
"neighborhood","lion","possibly"
"faster","football","pour"
"nobody","higher","author"
"riding","fifteen","jack"
"under","anyone","someone"
"cause","monkey","square"
"flag","arrange","headed"
"flag","purple","table"
"rubber","essential","full"
"image","stone","want"
"business","rather","reader"
"function","seed","alone"
"satisfied","liquid","entire"
"them","full","nuts"
"loss","expect","inside"
"bad","swimming","simplest"
"bank","political","parent"
"instead","shut","better"
"extra","again","motor"
"began","cost","bat"
"trip","area","else"
"steam","safety","slightly"
"up","remove","stronger"
"ranch","string","group"
"supply","review","within"
"waste","butter","verb"
"triangle","change","bridge"
"stretch","case","shake"
"conversation","pupil","grandfather"
"somehow","mind","mouse"
"author","front","couple"
"why","struck","roof"
"surface","watch","eat"
"person","slip","brief"
"block","thrown","applied"
"model","warn","fort"
"buffalo","kind","stronger"
"add","underline","fireplace"
"corn","fine","first"
"thank","nothing","wrapped"
"gravity","swing","themselves"